model,dtype,percentage
foundation,A1D1,8.361173893944013
foundation,A2D1,12.161459528928003
foundation,A1D2,18.124417876585046
foundation,A2D2,52.152829907664064
foundation,A3D2,5.214955252641915
painn,A1D1,9.800570118670024
painn,A2D1,13.131172712379698
painn,A1D2,19.288868083440214
painn,A2D2,48.58327864507733
painn,A3D2,4.5089713199436146
ace,A1D1,7.674599285142718
ace,A2D1,12.100333265957897
ace,A1D2,16.89497516189947
ace,A2D2,56.28799697419633
ace,A3D2,3.6095591295739253
